{
    "UntouchFuzz": [
        [
            4596.6249,
            4830.584850000001,
            4960.34415,
            5024.568450000001,
            5075.68575,
            5137.2886499999995,
            5183.818499999999,
            5203.479,
            5215.930649999999,
            5224.450199999999,
            5236.90185,
            5243.45535,
            5255.25165,
            5262.460499999999,
            5265.73725,
            5269.66935,
            5277.53355,
            5278.1889,
            5279.499600000001,
            5292.6066,
            5300.470800000001,
            5305.05825,
            5315.54385,
            5318.16525
        ],
        [
            4757.840999999999,
            5406.6375,
            5537.7074999999995,
            5649.117,
            5681.8845,
            5714.652,
            5721.2055,
            5721.2055,
            5753.972999999999,
            5753.972999999999,
            5767.080000000001,
            5767.080000000001,
            5773.633500000001,
            5773.633500000001,
            5780.187,
            5786.7405,
            5786.7405,
            5786.7405,
            5786.7405,
            5793.294,
            5793.294,
            5806.401,
            5806.401,
            5806.401
        ],
        [
            4436.7195,
            4548.129,
            4698.8595,
            4862.697,
            4895.4645,
            4967.553000000001,
            5078.9625,
            5078.9625,
            5098.6230000000005,
            5124.837,
            5131.3904999999995,
            5131.3904999999995,
            5157.6045,
            5170.711499999999,
            5177.265,
            5177.265,
            5177.265,
            5177.265,
            5177.265,
            5196.925499999999,
            5216.586,
            5216.586,
            5236.2465,
            5236.2465
        ]
    ],
    "AFL": [
        [
            4606.45515,
            4801.0941,
            4959.03345,
            5006.21865,
            5057.335949999999,
            5083.549949999999,
            5105.83185,
            5127.4584,
            5149.7403,
            5160.88125,
            5171.36685,
            5183.1631499999985,
            5189.71665,
            5192.33805,
            5199.546899999999,
            5207.411099999999,
            5214.619949999999,
            5216.585999999999,
            5221.828799999998,
            5228.382299999999,
            5232.96975,
            5239.523249999999,
            5244.110699999999,
            5250.008849999999
        ],
        [
            4784.054999999999,
            4928.231999999999,
            5039.641500000001,
            5059.302,
            5118.2835000000005,
            5151.051,
            5164.157999999999,
            5177.265,
            5190.371999999999,
            5190.371999999999,
            5223.139499999999,
            5223.139499999999,
            5236.2465,
            5249.3535,
            5269.013999999999,
            5269.013999999999,
            5269.013999999999,
            5275.5675,
            5275.5675,
            5282.121,
            5282.121,
            5301.7815,
            5308.335,
            5308.335
        ],
        [
            4489.147499999999,
            4652.985,
            4875.804,
            4902.018,
            4987.2135,
            5006.874,
            5039.641500000001,
            5065.855500000001,
            5092.0695,
            5118.2835000000005,
            5118.2835000000005,
            5131.3904999999995,
            5131.3904999999995,
            5131.3904999999995,
            5131.3904999999995,
            5131.3904999999995,
            5131.3904999999995,
            5131.3904999999995,
            5137.9439999999995,
            5137.9439999999995,
            5137.9439999999995,
            5151.051,
            5151.051,
            5151.051
        ]
    ],
    "AFLFast": [
        [
            4587.449999999999,
            4741.457250000001,
            4839.104400000001,
            4895.4645,
            4945.271100000001,
            4985.24745,
            5030.4666,
            5072.409000000001,
            5086.8267,
            5114.3514,
            5126.1477,
            5134.66725,
            5148.4296,
            5154.327750000001,
            5162.847299999999,
            5175.298949999999,
            5183.16315,
            5189.716649999999,
            5197.58085,
            5208.721799999999,
            5213.964599999999,
            5214.619949999998,
            5219.86275,
            5227.071599999999
        ],
        [
            4666.092,
            4921.6785,
            5039.641500000001,
            5039.641500000001,
            5039.641500000001,
            5059.302,
            5092.0695,
            5111.73,
            5164.157999999999,
            5216.586,
            5242.8,
            5242.8,
            5242.8,
            5242.8,
            5242.8,
            5262.4605,
            5262.4605,
            5269.013999999999,
            5269.013999999999,
            5269.013999999999,
            5275.5675,
            5275.5675,
            5282.121,
            5288.6745
        ],
        [
            4508.808,
            4587.450000000001,
            4764.3945,
            4797.162,
            4849.590000000001,
            4882.3575,
            4928.231999999999,
            5006.874,
            5006.874,
            5019.981,
            5065.855500000001,
            5072.409,
            5105.1765,
            5105.1765,
            5105.1765,
            5124.837,
            5124.837,
            5124.837,
            5124.837,
            5144.4975,
            5157.6045,
            5157.6045,
            5164.157999999999,
            5164.157999999999
        ]
    ],
    "EcoFuzz": [
        [
            4216.521900000001,
            4446.54975,
            4656.26175,
            4772.2587,
            4818.78855,
            4868.595149999999,
            4915.125,
            4942.6497,
            4962.965549999999,
            4973.451149999999,
            5000.3205,
            5011.46145,
            5021.2917,
            5027.18985,
            5044.22895,
            5049.47175,
            5058.646650000001,
            5078.30715,
            5087.4820500000005,
            5091.41415,
            5095.34625,
            5101.244399999999,
            5109.108599999999,
            5109.108599999999
        ],
        [
            4318.7565,
            4554.682500000001,
            4790.6085,
            4915.125,
            5019.981,
            5033.088,
            5052.7485,
            5078.9625,
            5098.6230000000005,
            5111.73,
            5151.051,
            5164.157999999999,
            5164.157999999999,
            5170.711499999999,
            5170.711499999999,
            5170.711499999999,
            5190.371999999999,
            5216.586,
            5216.586,
            5216.586,
            5223.139499999999,
            5223.139499999999,
            5223.139499999999,
            5223.139499999999
        ],
        [
            4154.919,
            4331.8635,
            4456.38,
            4620.2175,
            4685.7525000000005,
            4718.52,
            4816.822499999999,
            4829.9295,
            4843.036499999999,
            4849.590000000001,
            4954.446,
            4954.446,
            4954.446,
            4954.446,
            4967.553000000001,
            4967.553000000001,
            4967.553000000001,
            4967.553000000001,
            4980.66,
            4987.2135,
            4987.2135,
            4987.2135,
            5019.981,
            5019.981
        ]
    ],