{
    "UntouchFuzz": [
        [
            2473.2909,
            2477.87835,
            2477.87835,
            2479.1890499999995,
            2479.1890499999995,
            2479.1890499999995,
            2479.1890499999995,
            2481.81045,
            2481.81045,
            2481.81045,
            2481.81045,
            2481.81045,
            2481.81045,
            2482.4658000000004,
            2482.4658000000004,
            2482.4658000000004,
            2483.12115,
            2483.12115,
            2483.12115,
            2483.12115,
            2483.7765000000004,
            2483.7765000000004,
            2483.7765000000004,
            2483.7765000000004
        ],
        [
            2477.223,
            2483.7765000000004,
            2483.7765000000004,
            2483.7765000000004,
            2483.7765000000004,
            2483.7765000000004,
            2483.7765000000004,
            2483.7765000000004,
            2483.7765000000004,
            2483.7765000000004,
            2483.7765000000004,
            2483.7765000000004,
            2483.7765000000004,
            2483.7765000000004,
            2483.7765000000004,
            2483.7765000000004,
            2483.7765000000004,
            2483.7765000000004,
            2483.7765000000004,
            2483.7765000000004,
            2483.7765000000004,
            2483.7765000000004,
            2483.7765000000004,
            2483.7765000000004
        ],
        [
            2464.1159999999995,
            2477.223,
            2477.223,
            2477.223,
            2477.223,
            2477.223,
            2477.223,
            2477.223,
            2477.223,
            2477.223,
            2477.223,
            2477.223,
            2477.223,
            2477.223,
            2477.223,
            2477.223,
            2477.223,
            2477.223,
            2477.223,
            2477.223,
            2483.7765000000004,
            2483.7765000000004,
            2483.7765000000004,
            2483.7765000000004
        ]
    ],
    "AFL": [
        [
            2472.63555,
            2479.8443999999995,
            2481.1551,
            2481.1551,
            2481.81045,
            2482.4658000000004,
            2483.1211500000004,
            2483.1211500000004,
            2483.1211500000004,
            2483.1211500000004,
            2483.1211500000004,
            2483.1211500000004,
            2483.7765000000004,
            2483.7765000000004,
            2483.7765000000004,
            2483.7765000000004,
            2483.7765000000004,
            2483.7765000000004,
            2483.7765000000004,
            2483.7765000000004,
            2483.7765000000004,
            2483.7765000000004,
            2483.7765000000004,
            2483.7765000000004
        ],
        [
            2477.223,
            2483.7765000000004,
            2483.7765000000004,
            2483.7765000000004,
            2483.7765000000004,
            2483.7765000000004,
            2483.7765000000004,
            2483.7765000000004,
            2483.7765000000004,
            2483.7765000000004,
            2483.7765000000004,
            2483.7765000000004,
            2483.7765000000004,
            2483.7765000000004,
            2483.7765000000004,
            2483.7765000000004,
            2483.7765000000004,
            2483.7765000000004,
            2483.7765000000004,
            2483.7765000000004,
            2483.7765000000004,
            2483.7765000000004,
            2483.7765000000004,
            2483.7765000000004
        ],
        [
            2470.6695,
            2477.223,
            2477.223,
            2477.223,
            2477.223,
            2477.223,
            2477.223,
            2477.223,
            2477.223,
            2477.223,
            2477.223,
            2477.223,
            2483.7765000000004,
            2483.7765000000004,
            2483.7765000000004,
            2483.7765000000004,
            2483.7765000000004,
            2483.7765000000004,
            2483.7765000000004,
            2483.7765000000004,
            2483.7765000000004,
            2483.7765000000004,
            2483.7765000000004,
            2483.7765000000004
        ]
    ],
    "AFLFast": [
        [
            2470.6695,
            2475.25695,
            2477.2229999999995,
            2480.49975,
            2481.81045,
            2482.4658000000004,
            2482.4658000000004,
            2482.4658000000004,
            2482.4658000000004,
            2482.4658000000004,
            2482.4658000000004,
            2483.12115,
            2483.12115,
            2483.12115,
            2483.12115,
            2483.12115,
            2483.12115,
            2483.12115,
            2483.12115,
            2483.7765000000004,
            2483.7765000000004,
            2483.7765000000004,
            2483.7765000000004,
            2483.7765000000004
        ],
        [
            2477.223,
            2477.223,
            2477.223,
            2483.7765000000004,
            2483.7765000000004,
            2483.7765000000004,
            2483.7765000000004,
            2483.7765000000004,
            2483.7765000000004,
            2483.7765000000004,
            2483.7765000000004,
            2483.7765000000004,
            2483.7765000000004,
            2483.7765000000004,
            2483.7765000000004,
            2483.7765000000004,
            2483.7765000000004,
            2483.7765000000004,
            2483.7765000000004,
            2483.7765000000004,
            2483.7765000000004,
            2483.7765000000004,
            2483.7765000000004,
            2483.7765000000004
        ],
        [
            2464.1159999999995,
            2470.6695,
            2477.223,
            2477.223,
            2477.223,
            2477.223,
            2477.223,
            2477.223,
            2477.223,
            2477.223,
            2477.223,
            2477.223,
            2477.223,
            2477.223,
            2477.223,
            2477.223,
            2477.223,
            2477.223,
            2477.223,
            2483.7765000000004,
            2483.7765000000004,
            2483.7765000000004,
            2483.7765000000004,
            2483.7765000000004
        ]
    ],