{
    "UntouchFuzz": [
        [
            3095.2180500000004,
            3294.44445,
            3422.2377,
            3527.74905,
            3540.2007000000003,
            3546.7542000000003,
            3557.2398000000003,
            3602.45895,
            3641.1246,
            3681.100950000001,
            3719.1112500000004,
            3798.4086,
            3827.8993500000006,
            3834.45285,
            3863.28825,
            3917.6822999999995,
            3930.1339499999995,
            3955.03725,
            3962.90145,
            3993.0475500000002,
            4031.7131999999997,
            4057.2718499999996,
            4088.0733,
            4101.83565
        ],
        [
            3604.425,
            3630.6389999999997,
            3637.1925,
            3650.2995,
            3650.2995,
            3683.067,
            3768.2625000000003,
            3768.2625000000003,
            3774.816,
            3991.0815,
            4115.598000000001,
            4803.7155,
            5072.409,
            5085.5160000000005,
            5092.0695,
            5092.0695,
            5092.0695,
            5092.0695,
            5098.6230000000005,
            5098.6230000000005,
            5098.6230000000005,
            5098.6230000000005,
            5098.6230000000005,
            5098.6230000000005
        ],
        [
            2772.1305,
            2791.7909999999997,
            2811.4515,
            2818.0049999999997,
            2818.0049999999997,
            2824.5585,
            2824.5585,
            3263.6430000000005,
            3486.4620000000004,
            3551.997,
            3551.997,
            3551.997,
            3551.997,
            3551.997,
            3551.997,
            3551.997,
            3551.997,
            3551.997,
            3558.5505,
            3558.5505,
            3558.5505,
            3624.0855,
            3643.7459999999996,
            3650.2995
        ]
    ],
    "AFL": [
        [
            3029.68305,
            3243.32715,
            3392.0915999999997,
            3442.5535499999996,
            3567.07005,
            3598.5268499999997,
            3604.425,
            3679.1348999999996,
            3706.0042500000004,
            3717.1452,
            3726.9754499999995,
            3776.7820500000003,
            3806.2727999999997,
            3810.86025,
            3812.1709499999997,
            3813.4816499999993,
            3815.4476999999997,
            3820.0351499999997,
            3837.074249999999,
            3918.993,
            3952.41585,
            3963.5567999999994,
            3966.8335499999994,
            3998.29035
        ],
        [
            3460.248,
            3591.318,
            3663.4065,
            3663.4065,
            3932.1,
            3951.7605,
            3971.421,
            4698.8595,
            4941.339,
            5006.874,
            5019.981,
            5039.641500000001,
            5046.195,
            5078.9625,
            5085.5160000000005,
            5085.5160000000005,
            5085.5160000000005,
            5085.5160000000005,
            5092.0695,
            5092.0695,
            5092.0695,
            5092.0695,
            5092.0695,
            5092.0695
        ],
        [
            2634.5069999999996,
            2772.1305,
            2772.1305,
            2785.2375,
            2785.2375,
            2824.5585,
            2831.112,
            2831.112,
            2844.219,
            2850.7724999999996,
            2857.326,
            3302.964,
            3578.2110000000002,
            3578.2110000000002,
            3578.2110000000002,
            3584.7644999999998,
            3597.8715,
            3597.8715,
            3597.8715,
            3610.9784999999997,
            3610.9784999999997,
            3617.532,
            3617.532,
            3617.532
        ]
    ],
    "AFLFast": [
        [
            3078.17895,
            3518.5741500000004,
            3645.0566999999996,
            3694.207950000001,
            3703.3828499999995,
            3713.8684500000004,
            3723.6987,
            3733.52895,
            3738.1164,
            3738.77175,
            3750.5680499999994,
            3755.1555,
            3790.5443999999998,
            3800.37465,
            3801.6853500000007,
            3802.99605,
            3804.3067499999997,
            3805.61745,
            3807.5834999999997,
            3808.23885,
            3838.3849500000006,
            3842.9724,
            3846.9044999999996,
            3850.18125
        ],
        [
            3473.355,
            3617.532,
            4174.579500000001,
            4548.129,
            4594.0035,
            4607.1105,
            4698.8595,
            4797.162,
            4836.483,
            4843.036499999999,
            4843.036499999999,
            4849.590000000001,
            5164.157999999999,
            5236.2465,
            5242.8,
            5242.8,
            5242.8,
            5242.8,
            5242.8,
            5242.8,
            5242.8,
            5255.906999999999,
            5255.906999999999,
            5255.906999999999
        ],
        [
            2726.256,
            3381.606,
            3532.3365,
            3545.4435000000003,
            3545.4435000000003,
            3551.997,
            3551.997,
            3551.997,
            3551.997,
            3551.997,
            3551.997,
            3558.5505,
            3558.5505,
            3558.5505,
            3558.5505,
            3558.5505,
            3558.5505,
            3565.1040000000003,
            3565.1040000000003,
            3571.6575,
            3604.425,
            3604.425,
            3604.425,
            3604.425
        ]
    ],
    "EcoFuzz": [
        [
            1760.2701000000002,
            1980.4677,
            2251.1272500000005,
            2568.3166499999998,
            2833.7334,
            2964.1480500000002,
            3124.0534500000003,
            3229.5648000000006,
            3255.12345,
            3420.9270000000006,
            3490.3941,
            3499.5689999999995,
            3522.50625,
            3601.8036,
            3620.1534,
            3628.67295,
            3631.29435,
            3631.29435,
            3634.5711,
            3639.15855,
            3641.77995,
            3642.4353,
            3645.7120500000005,
            3646.3674
        ],
        [
            1848.087,
            2201.9759999999997,
            2568.9719999999998,
            3126.0194999999994,
            3388.1594999999998,
            3447.141,
            3479.9084999999995,
            3532.3365,
            3578.2110000000002,
            3630.6389999999997,
            3728.9415000000004,
            3728.9415000000004,
            3728.9415000000004,
            3728.9415000000004,
            3735.4950000000003,
            3761.709,
            3761.709,
            3761.709,
            3761.709,
            3761.709,
            3761.709,
            3761.709,
            3761.709,
            3761.709
        ],
        [
            1703.91,
            1861.194,
            1972.6035,
            2097.12,
            2555.865,
            2647.614,
            2700.042,
            2700.042,
            2706.5955,
            2850.7724999999996,
            2850.7724999999996,
            2850.7724999999996,
            2850.7724999999996,
            3486.4620000000004,
            3551.997,
            3551.997,
            3558.5505,
            3558.5505,
            3558.5505,
            3558.5505,
            3565.1040000000003,
            3565.1040000000003,
            3565.1040000000003,
            3565.1040000000003
        ]
    ],