{
    "UntouchFuzz": [
        [
            10355.840699999999,
            10789.027049999999,
            11203.863599999999,
            11340.831750000001,
            11483.69805,
            11656.055100000001,
            11724.2115,
            11824.480050000002,
            11878.21875,
            11914.263,
            11951.617950000002,
            12010.599450000002,
            12051.231150000001,
            12079.411199999999,
            12129.873150000001,
            12158.053199999998,
            12179.67975,
            12193.4421,
            12206.5491,
            12217.0347,
            12226.209599999998,
            12246.525450000001,
            12287.812500000002,
            12304.196249999997
        ],
        [
            10780.507499999998,
            11363.769,
            11645.5695,
            11743.872000000001,
            11947.0305,
            12091.2075,
            12182.9565,
            12209.1705,
            12294.366000000002,
            12300.9195,
            12412.329000000002,
            12667.915499999997,
            12825.1995,
            12844.86,
            12897.288,
            12923.501999999999,
            12930.0555,
            12930.0555,
            12936.609,
            12943.1625,
            12943.1625,
            12949.716000000002,
            12962.823,
            13021.8045
        ],
        [
            10013.748,
            10544.581499999998,
            10787.061,
            10950.8985,
            11114.736,
            11331.0015,
            11389.982999999998,
            11501.392500000002,
            11553.8205,
            11580.034500000002,
            11593.1415,
            11612.802,
            11632.4625,
            11704.551,
            11815.960500000001,
            11842.1745,
            11848.728,
            11855.281500000001,
            11855.281500000001,
            11861.835000000001,
            11861.835000000001,
            11874.942,
            11881.495499999999,
            11881.495499999999
        ]
    ],
    "AFL": [
        [
            10089.113249999999,
            10486.910699999999,
            10737.90975,
            10976.45715,
            11270.05395,
            11480.4213,
            11579.379149999999,
            11622.632249999999,
            11686.85655,
            11726.177550000002,
            11777.294850000002,
            11807.44095,
            11827.756800000001,
            11845.45125,
            11875.59735,
            11892.63645,
            11938.51095,
            11949.651899999999,
            11996.18175,
            12042.05625,
            12057.1293,
            12114.14475,
            12130.5285,
            12152.810399999998
        ],
        [
            10321.7625,
            10741.186500000002,
            10950.8985,
            11389.982999999998,
            11586.588,
            11750.4255,
            11874.942,
            11901.156,
            11986.351499999999,
            12019.119,
            12038.7795,
            12058.44,
            12071.547000000002,
            12071.547000000002,
            12143.635500000002,
            12143.635500000002,
            12156.7425,
            12156.7425,
            12163.295999999998,
            12248.4915,
            12261.598500000002,
            12530.292000000001,
            12543.399000000001,
            12549.952499999998
        ],
        [
            9699.180000000002,
            10118.604,
            10275.887999999999,
            10406.958,
            10636.3305,
            11134.396499999999,
            11206.485,
            11232.699,
            11311.341,
            11370.3225,
            11422.7505,
            11448.9645,
            11468.625,
            11501.392500000002,
            11507.945999999998,
            11514.4995,
            11553.8205,
            11560.374,
            11586.588,
            11599.695,
            11606.2485,
            11612.802,
            11645.5695,
            11658.6765
        ]
    ],
    "AFLFast": [
        [
            10076.661599999998,
            10553.101050000001,
            10834.90155,
            11102.28435,
            11244.495299999999,
            11369.0118,
            11500.737149999999,
            11637.049949999999,
            11699.96355,
            11777.950200000003,
            11822.514000000001,
            11898.534600000003,
            11921.47185,
            11944.4091,
            11973.244499999997,
            11991.5943,
            12006.011999999999,
            12013.22085,
            12023.706450000001,
            12037.468799999999,
            12082.032600000002,
            12092.518200000002,
            12100.382399999999,
            12104.969849999998
        ],
        [
            10249.674,
            10950.8985,
            11324.448,
            11494.839,
            11586.588,
            11691.444,
            11770.086000000001,
            11914.262999999999,
            11960.137499999999,
            11986.351499999999,
            12071.547000000002,
            12091.2075,
            12097.761,
            12123.975,
            12150.188999999998,
            12202.617,
            12222.2775,
            12222.2775,
            12222.2775,
            12228.830999999998,
            12248.4915,
            12294.366000000002,
            12300.9195,
            12314.026499999998
        ],
        [
            9856.463999999998,
            10420.065,
            10662.544499999998,
            10905.024,
            10970.559,
            11062.307999999999,
            11173.7175,
            11331.0015,
            11422.7505,
            11475.1785,
            11553.8205,
            11704.551,
            11717.658,
            11737.318500000001,
            11756.979,
            11770.086000000001,
            11770.086000000001,
            11770.086000000001,
            11776.6395,
            11815.960500000001,
            11907.709500000003,
            11914.262999999999,
            11927.369999999999,
            11927.369999999999
        ]
    ],