{
    "UntouchFuzz": [
        [
            1348.7103,
            1355.2638000000002,
            1355.9191500000002,
            1358.5405500000002,
            1359.1959000000002,
            1360.5066000000002,
            1363.1280000000002,
            1363.1280000000002,
            1364.4387000000002,
            1366.4047500000001,
            1367.0601000000001,
            1369.0261500000001,
            1370.9922000000001,
            1370.9922000000001,
            1371.6475500000001,
            1373.6136000000001,
            1373.6136000000001,
            1373.6136000000001,
            1374.9243000000001,
            1376.8903500000001,
            1378.8564000000001,
            1380.1671000000001,
            1382.7885,
            1382.7885
        ],
        [
            1363.128,
            1369.6815,
            1369.6815,
            1369.6815,
            1369.6815,
            1376.2350000000001,
            1376.2350000000001,
            1376.2350000000001,
            1376.2350000000001,
            1382.7884999999999,
            1389.342,
            1395.8954999999999,
            1395.8954999999999,
            1395.8954999999999,
            1395.8954999999999,
            1395.8954999999999,
            1395.8954999999999,
            1395.8954999999999,
            1395.8954999999999,
            1395.8954999999999,
            1395.8954999999999,
            1395.8954999999999,
            1395.8954999999999,
            1395.8954999999999
        ],
        [
            1330.3605,
            1336.914,
            1336.914,
            1343.4674999999997,
            1343.4674999999997,
            1343.4674999999997,
            1343.4674999999997,
            1343.4674999999997,
            1343.4674999999997,
            1343.4674999999997,
            1343.4674999999997,
            1343.4674999999997,
            1343.4674999999997,
            1343.4674999999997,
            1343.4674999999997,
            1343.4674999999997,
            1343.4674999999997,
            1343.4674999999997,
            1343.4674999999997,
            1343.4674999999997,
            1363.128,
            1363.128,
            1363.128,
            1363.128
        ]
    ],
    "AFL": [
        [
            1352.6424000000002,
            1356.5745000000002,
            1358.5405500000002,
            1362.4726500000002,
            1363.7833500000002,
            1365.0940500000002,
            1367.7154500000001,
            1369.0261500000001,
            1370.3368500000001,
            1370.9922000000001,
            1371.6475500000001,
            1372.3029000000001,
            1372.3029000000001,
            1372.3029000000001,
            1372.3029000000001,
            1372.9582500000004,
            1372.9582500000004,
            1372.9582500000004,
            1372.9582500000004,
            1372.9582500000004,
            1372.9582500000004,
            1373.6136000000004,
            1375.5796500000004,
            1375.5796500000004
        ],
        [
            1363.128,
            1363.128,
            1363.128,
            1369.6815,
            1369.6815,
            1369.6815,
            1376.2350000000001,
            1376.2350000000001,
            1376.2350000000001,
            1376.2350000000001,
            1376.2350000000001,
            1376.2350000000001,
            1376.2350000000001,
            1376.2350000000001,
            1376.2350000000001,
            1376.2350000000001,
            1376.2350000000001,
            1376.2350000000001,
            1376.2350000000001,
            1376.2350000000001,
            1376.2350000000001,
            1376.2350000000001,
            1395.8954999999999,
            1395.8954999999999
        ],
        [
            1336.914,
            1336.914,
            1343.4674999999997,
            1343.4674999999997,
            1343.4674999999997,
            1350.021,
            1350.021,
            1363.128,
            1363.128,
            1369.6815,
            1369.6815,
            1369.6815,
            1369.6815,
            1369.6815,
            1369.6815,
            1369.6815,
            1369.6815,
            1369.6815,
            1369.6815,
            1369.6815,
            1369.6815,
            1369.6815,
            1369.6815,
            1369.6815
        ]
    ],
    "AFLFast": [
        [
            1346.7442500000002,
            1355.2638000000002,
            1355.9191500000002,
            1359.1959000000002,
            1361.1619500000002,
            1361.1619500000002,
            1361.1619500000002,
            1361.8173000000002,
            1363.1280000000002,
            1363.7833500000002,
            1365.0940500000002,
            1365.7494000000002,
            1367.7154500000001,
            1367.7154500000001,
            1372.9582500000001,
            1372.9582500000001,
            1373.6136000000001,
            1374.2689500000001,
            1374.2689500000001,
            1374.2689500000001,
            1376.2350000000001,
            1376.2350000000001,
            1376.2350000000001,
            1376.2350000000001
        ],
        [
            1363.128,
            1363.128,
            1363.128,
            1369.6815,
            1369.6815,
            1369.6815,
            1369.6815,
            1369.6815,
            1369.6815,
            1376.2350000000001,
            1376.2350000000001,
            1376.2350000000001,
            1395.8954999999999,
            1395.8954999999999,
            1395.8954999999999,
            1395.8954999999999,
            1395.8954999999999,
            1395.8954999999999,
            1395.8954999999999,
            1395.8954999999999,
            1395.8954999999999,
            1395.8954999999999,
            1395.8954999999999,
            1395.8954999999999
        ],
        [
            1330.3605,
            1336.914,
            1336.914,
            1343.4674999999997,
            1343.4674999999997,
            1343.4674999999997,
            1343.4674999999997,
            1343.4674999999997,
            1350.021,
            1350.021,
            1350.021,
            1356.5745,
            1356.5745,
            1356.5745,
            1363.128,
            1363.128,
            1363.128,
            1363.128,
            1363.128,
            1363.128,
            1363.128,
            1363.128,
            1363.128,
            1363.128
        ]
    ],