{
    "UntouchFuzz": [
        [
            2851.4278500000005,
            2966.1141,
            3015.26535,
            3044.7561,
            3070.3147500000005,
            3100.4608500000004,
            3112.9125,
            3127.9855500000003,
            3137.16045,
            3151.5781499999994,
            3158.13165,
            3173.8600500000002,
            3184.34565,
            3188.2777499999997,
            3198.108,
            3201.38475,
            3204.6615,
            3215.80245,
            3228.90945,
            3240.0504,
            3247.914599999999,
            3253.1574,
            3257.74485,
            3263.643
        ],
        [
            2935.9680000000003,
            3027.7169999999996,
            3067.0379999999996,
            3106.3590000000004,
            3198.1079999999997,
            3217.7685,
            3237.4290000000005,
            3243.9825,
            3250.536,
            3257.0894999999996,
            3263.6430000000005,
            3263.6430000000005,
            3263.6430000000005,
            3263.6430000000005,
            3270.1965,
            3270.1965,
            3270.1965,
            3276.75,
            3335.7315,
            3375.0525000000002,
            3375.0525000000002,
            3381.606,
            3381.606,
            3388.1594999999998
        ],
        [
            2739.363,
            2863.8795,
            2916.3075000000003,
            2949.075,
            2962.182,
            3053.931,
            3053.931,
            3053.931,
            3067.0379999999996,
            3086.6985000000004,
            3093.252,
            3093.252,
            3119.466,
            3126.0194999999994,
            3158.787,
            3158.787,
            3158.787,
            3158.787,
            3158.787,
            3158.787,
            3165.3405000000002,
            3165.3405000000002,
            3191.5545,
            3191.5545
        ]
    ],
    "AFL": [
        [
            2816.0389499999997,
            2920.8949500000003,
            2975.9443499999998,
            3017.8867500000006,
            3055.2417,
            3070.31475,
            3095.2180499999995,
            3105.0482999999995,
            3137.8158,
            3147.64605,
            3158.787,
            3169.2726000000002,
            3174.5153999999998,
            3183.03495,
            3190.2438,
            3207.2829000000006,
            3213.18105,
            3223.0113000000006,
            3229.5648,
            3240.0503999999996,
            3245.94855,
            3249.2252999999996,
            3251.8466999999996,
            3262.98765
        ],
        [
            2916.3075000000003,
            2968.7355,
            3073.5915000000005,
            3093.252,
            3112.9125,
            3139.1265,
            3178.4474999999998,
            3185.001,
            3250.536,
            3270.1965,
            3283.3035,
            3283.3035,
            3289.8569999999995,
            3289.8569999999995,
            3289.8569999999995,
            3296.4105000000004,
            3302.964,
            3309.5175,
            3316.071,
            3316.071,
            3322.6245000000004,
            3322.6245000000004,
            3322.6245000000004,
            3342.285
        ],
        [
            2745.9165000000003,
            2870.433,
            2909.754,
            2929.4145,
            2981.8424999999997,
            3001.503,
            3040.8239999999996,
            3053.931,
            3086.6985000000004,
            3086.6985000000004,
            3093.252,
            3093.252,
            3099.8055,
            3106.3590000000004,
            3112.9125,
            3126.0194999999994,
            3126.0194999999994,
            3132.5730000000003,
            3139.1265,
            3158.787,
            3178.4474999999998,
            3178.4474999999998,
            3178.4474999999998,
            3178.4474999999998
        ]
    ],
    "AFLFast": [
        [
            2849.4618,
            2933.3466,
            2981.1871499999997,
            3010.6778999999997,
            3027.0616499999996,
            3049.9989,
            3076.8682500000004,
            3105.7036500000004,
            3118.8106499999994,
            3129.9516,
            3137.1604499999994,
            3151.5781500000003,
            3169.2726000000002,
            3174.5153999999998,
            3177.1368,
            3193.52055,
            3201.3847499999997,
            3206.62755,
            3209.9042999999997,
            3215.80245,
            3222.3559499999997,
            3226.943399999999,
            3228.90945,
            3230.22015
        ],
        [
            2922.861,
            2988.3959999999997,
            3047.3775000000005,
            3060.4845,
            3099.8055,
            3112.9125,
            3237.4290000000005,
            3270.1965,
            3276.75,
            3283.3035,
            3289.8569999999995,
            3296.4105000000004,
            3335.7315,
            3335.7315,
            3335.7315,
            3361.9455,
            3368.499,
            3368.499,
            3368.499,
            3368.499,
            3375.0525000000002,
            3388.1594999999998,
            3388.1594999999998,
            3388.1594999999998
        ],
        [
            2765.5769999999998,
            2857.326,
            2896.647,
            2949.075,
            2955.6285000000003,
            2968.7355,
            2988.3959999999997,
            3027.7169999999996,
            3027.7169999999996,
            3034.2705,
            3040.8239999999996,
            3060.4845,
            3067.0379999999996,
            3073.5915000000005,
            3073.5915000000005,
            3073.5915000000005,
            3080.145,
            3080.145,
            3086.6985000000004,
            3112.9125,
            3112.9125,
            3112.9125,
            3126.0194999999994,
            3126.0194999999994
        ]
    ],