{
    "UntouchFuzz": [
        [
            8048.35335,
            8399.62095,
            8566.07985,
            8697.805199999999,
            8787.58815,
            8851.1571,
            8902.92975,
            8946.8382,
            8975.018250000001,
            9010.407150000001,
            9030.06765,
            9054.970949999999,
            9072.6654,
            9086.427749999999,
            9103.46685,
            9116.57385,
            9139.5111,
            9152.6181,
            9163.759050000002,
            9170.9679,
            9184.73025,
            9200.45865,
            9204.39075,
            9210.288900000001
        ],
        [
            8159.1075,
            8499.889500000001,
            8637.513,
            8794.796999999999,
            8873.439,
            8971.7415,
            9004.509,
            9056.937,
            9115.9185,
            9161.793,
            9174.900000000001,
            9188.007,
            9207.667500000001,
            9220.7745,
            9220.7745,
            9227.328000000001,
            9246.9885,
            9260.095500000001,
            9260.095500000001,
            9273.202500000001,
            9273.202500000001,
            9273.202500000001,
            9279.756,
            9279.756
        ],
        [
            7864.2,
            8270.516999999998,
            8480.229,
            8630.9595,
            8689.940999999999,
            8742.368999999999,
            8768.583,
            8840.6715,
            8879.9925,
            8899.653,
            8919.3135,
            8971.7415,
            9004.509,
            9011.0625,
            9017.616,
            9037.2765,
            9050.3835,
            9070.044,
            9070.044,
            9076.5975,
            9089.7045,
            9096.258,
            9102.8115,
            9122.472
        ]
    ],
    "AFL": [
        [
            7944.152700000001,
            8336.70735,
            8505.787650000002,
            8635.546949999998,
            8709.6015,
            8771.204399999999,
            8841.326850000001,
            8889.1674,
            8913.41535,
            8946.182850000001,
            8977.639650000001,
            9001.23225,
            9019.582049999999,
            9034.6551,
            9054.315599999998,
            9070.69935,
            9079.87425,
            9090.35985,
            9100.84545,
            9114.6078,
            9127.05945,
            9136.889699999998,
            9151.307400000002,
            9169.6572
        ],
        [
            8073.912,
            8434.3545,
            8617.8525,
            8689.940999999999,
            8768.583,
            8840.6715,
            8932.4205,
            9011.0625,
            9043.83,
            9070.044,
            9102.8115,
            9115.9185,
            9135.579,
            9155.239500000001,
            9188.007,
            9194.5605,
            9201.114,
            9201.114,
            9207.667500000001,
            9207.667500000001,
            9214.221,
            9233.8815,
            9253.542,
            9260.095500000001
        ],
        [
            7805.2185,
            8198.4285,
            8362.266,
            8519.550000000001,
            8604.7455,
            8624.405999999999,
            8729.262,
            8762.029499999999,
            8775.1365,
            8834.118,
            8853.7785,
            8873.439,
            8886.546,
            8886.546,
            8906.2065,
            8925.866999999998,
            8925.866999999998,
            8932.4205,
            8965.188,
            9004.509,
            9011.0625,
            9017.616,
            9043.83,
            9083.151
        ]
    ],
    "AFLFast": [
        [
            7943.49735,
            8323.600349999999,
            8512.996500000001,
            8649.3093,
            8746.3011,
            8830.84125,
            8893.754850000001,
            8951.425650000001,
            8985.50385,
            9013.6839,
            9038.587199999998,
            9070.044,
            9091.0152,
            9117.2292,
            9137.54505,
            9157.205550000002,
            9169.00185,
            9175.555349999999,
            9190.6284,
            9197.837249999999,
            9209.633550000002,
            9220.774500000001,
            9233.226149999999,
            9243.056400000001
        ],
        [
            8100.125999999999,
            8447.461500000001,
            8617.8525,
            8781.69,
            8834.118,
            8938.974,
            9004.509,
            9030.723,
            9083.151,
            9115.9185,
            9135.579,
            9148.686,
            9174.900000000001,
            9194.5605,
            9201.114,
            9260.095500000001,
            9266.649,
            9266.649,
            9279.756,
            9286.3095,
            9292.863000000001,
            9299.4165,
            9325.630500000001,
            9332.184
        ],
        [
            7824.879,
            8119.786500000001,
            8263.9635,
            8440.908,
            8585.085000000001,
            8657.173499999999,
            8735.8155,
            8866.8855,
            8899.653,
            8919.3135,
            8945.5275,
            8971.7415,
            9004.509,
            9017.616,
            9050.3835,
            9076.5975,
            9115.9185,
            9129.0255,
            9135.579,
            9142.1325,
            9142.1325,
            9148.686,
            9155.239500000001,
            9168.3465
        ]
    ],
    "EcoFuzz": [
        [
            7096.129800000001,
            7662.352199999999,
            8034.591,
            8244.303,
            8400.93165,
            8490.7146,
            8560.83705,
            8632.270199999999,
            8680.766099999999,
            8710.9122,
            8734.504799999999,
            8767.927650000001,
            8799.38445,
            8835.4287,
            8854.43385,
            8871.47295,
            8894.410200000002,
            8914.72605,
            8929.7991,
            8941.5954,
            8955.35775,
            8969.120100000002,
            8985.50385,
            8992.05735
        ],
        [
            7470.990000000001,
            7870.7535,
            8224.6425,
            8447.461500000001,
            8526.1035,
            8585.085000000001,
            8650.62,
            8709.601499999999,
            8762.029499999999,
            8781.69,
            8807.903999999999,
            8860.331999999999,
            8873.439,
            8906.2065,
            8932.4205,
            8952.081,
            8978.294999999998,
            8997.9555,
            9017.616,
            9037.2765,
            9050.3835,
            9050.3835,
            9056.937,
            9056.937
        ],
        [
            6697.677000000001,
            7379.240999999999,
            7818.3255,
            8034.591,
            8290.1775,
            8355.7125,
            8408.1405,
            8460.5685,
            8480.229,
            8565.424500000001,
            8591.6385,
            8663.727,
            8709.601499999999,
            8788.2435,
            8801.3505,
            8814.457499999999,
            8827.5645,
            8834.118,
            8847.225,
            8853.7785,
            8853.7785,
            8853.7785,
            8925.866999999998,
            8938.974
        ]
    ],