{
    "UntouchFuzz": [
        [
            4681.8204000000005,
            4848.934649999999,
            4940.0283,
            5005.5633,
            5076.3411,
            5141.8760999999995,
            5192.9934,
            5231.0037,
            5255.25165,
            5296.5387,
            5307.0243,
            5363.3844,
            5401.394700000001,
            5435.4729,
            5460.376199999999,
            5501.66325,
            5526.56655,
            5544.261,
            5548.8484499999995,
            5558.6786999999995,
            5563.9214999999995,
            5569.81965,
            5582.2713,
            5601.27645
        ],
        [
            4836.483,
            5013.4275,
            5137.9439999999995,
            5295.228,
            5308.335,
            5314.888499999999,
            5360.763,
            5386.977000000001,
            5406.6375,
            5419.7445,
            5452.512,
            5609.796,
            5629.4565,
            5629.4565,
            5636.009999999999,
            5721.2055,
            5721.2055,
            5727.759,
            5727.759,
            5734.3125,
            5734.3125,
            5740.866,
            5747.4195,
            5747.4195
        ],
        [
            4449.8265,
            4751.287499999999,
            4777.5015,
            4810.268999999999,
            4849.590000000001,
            4993.767,
            5013.4275,
            5026.534500000001,
            5046.195,
            5183.8185,
            5183.8185,
            5183.8185,
            5196.925499999999,
            5203.479,
            5223.139499999999,
            5288.6745,
            5288.6745,
            5321.442,
            5334.549,
            5341.1025,
            5341.1025,
            5347.656,
            5360.763,
            5445.958500000001
        ]
    ],
    "AFL": [
        [
            4550.09505,
            4805.68155,
            4911.84825,
            4992.4563,
            5070.44295,
            5101.8997500000005,
            5134.66725,
            5168.090099999999,
            5191.0273499999985,
            5223.139499999999,
            5269.014,
            5294.57265,
            5306.368949999999,
            5329.3062,
            5344.37925,
            5354.86485,
            5377.14675,
            5386.977000000001,
            5408.60355,
            5417.1231,
            5422.365900000001,
            5431.540800000001,
            5449.23525,
            5455.133400000001
        ],
        [
            4666.092,
            5019.981,
            5078.9625,
            5098.6230000000005,
            5118.2835000000005,
            5144.4975,
            5210.0325,
            5229.693,
            5269.013999999999,
            5282.121,
            5445.958500000001,
            5472.1725,
            5478.726,
            5485.2795,
            5491.8330000000005,
            5498.3865000000005,
            5498.3865000000005,
            5518.047,
            5524.6005,
            5531.1539999999995,
            5537.7074999999995,
            5544.261,
            5577.028499999999,
            5583.581999999999
        ],
        [
            4358.0775,
            4489.147499999999,
            4744.734,
            4869.250499999999,
            4993.767,
            5046.195,
            5098.6230000000005,
            5105.1765,
            5111.73,
            5111.73,
            5144.4975,
            5151.051,
            5177.265,
            5183.8185,
            5196.925499999999,
            5216.586,
            5308.335,
            5314.888499999999,
            5314.888499999999,
            5334.549,
            5334.549,
            5347.656,
            5354.2095,
            5354.2095
        ]
    ],
    "AFLFast": [
        [
            4483.904700000001,
            4769.6373,
            4827.96345,
            4896.775200000001,
            4955.756700000001,
            4981.970700000001,
            5015.39355,
            5081.5839,
            5105.1765,
            5139.2546999999995,
            5162.19195,
            5213.964599999999,
            5246.07675,
            5269.669349999999,
            5312.267099999999,
            5343.723900000001,
            5360.763,
            5392.87515,
            5413.191000000001,
            5425.642650000001,
            5443.337099999999,
            5447.924549999999,
            5456.4441,
            5462.9976
        ],
        [
            4594.0035,
            5006.874,
            5092.0695,
            5131.3904999999995,
            5131.3904999999995,
            5131.3904999999995,
            5157.6045,
            5210.0325,
            5223.139499999999,
            5242.8,
            5249.3535,
            5413.191,
            5426.298,
            5452.512,
            5498.3865000000005,
            5498.3865000000005,
            5518.047,
            5524.6005,
            5557.368,
            5563.9215,
            5570.475,
            5577.028499999999,
            5596.688999999999,
            5603.2425
        ],
        [
            4371.184499999999,
            4666.092,
            4692.306,
            4784.054999999999,
            4797.162,
            4823.376,
            4836.483,
            4843.036499999999,
            4856.1435,
            5026.534500000001,
            5052.7485,
            5151.051,
            5164.157999999999,
            5164.157999999999,
            5164.157999999999,
            5190.371999999999,
            5196.925499999999,
            5203.479,
            5282.121,
            5295.228,
            5314.888499999999,
            5314.888499999999,
            5314.888499999999,
            5321.442
        ]
    ],
    "EcoFuzz": [
        [
            3793.8211500000007,
            4396.74315,
            4690.33995,
            4881.702149999999,
            4968.8637,
            5030.466600000001,
            5102.5551,
            5178.575699999999,
            5255.25165,
            5284.087050000001,
            5311.61175,
            5329.306200000001,
            5356.17555,
            5373.21465,
            5391.56445,
            5412.53565,
            5426.298,
            5457.09945,
            5476.1046,
            5486.590200000001,
            5499.6972,
            5503.629299999999,
            5510.838149999999,
            5529.843299999999
        ],
        [
            3958.3140000000003,
            4652.985,
            4921.6785,
            5078.9625,
            5124.837,
            5216.586,
            5255.906999999999,
            5301.7815,
            5386.977000000001,
            5400.084,
            5413.191,
            5432.851499999999,
            5531.1539999999995,
            5531.1539999999995,
            5537.7074999999995,
            5590.135499999999,
            5636.009999999999,
            5636.009999999999,
            5642.563499999999,
            5649.117,
            5655.6705,
            5655.6705,
            5662.224,
            5694.991499999999
        ],
        [
            3637.1925,
            4089.3840000000005,
            4541.5755,
            4725.0734999999995,
            4856.1435,
            4862.697,
            4902.018,
            5006.874,
            5052.7485,
            5105.1765,
            5118.2835000000005,
            5124.837,
            5157.6045,
            5157.6045,
            5164.157999999999,
            5170.711499999999,
            5177.265,
            5255.906999999999,
            5347.656,
            5347.656,
            5360.763,
            5367.3165,
            5367.3165,
            5367.3165
        ]
    ],