{
    "UntouchFuzz": [
        [
            12267.49665,
            13174.50105,
            13290.498000000001,
            13750.5537,
            13996.309949999999,
            14276.799750000002,
            14489.13315,
            14570.396550000001,
            14683.772099999998,
            14779.453199999998,
            14844.988200000002,
            14928.873000000001,
            14972.78145,
            15028.4862,
            15083.5356,
            15133.342200000003,
            15168.07575,
            15196.255799999999,
            15215.260950000002,
            15232.300049999996,
            15246.0624,
            15257.8587,
            15268.999650000003,
            15280.140600000002
        ],
        [
            12903.8415,
            13847.545499999998,
            13991.722500000002,
            14352.164999999999,
            14574.983999999999,
            14778.1425,
            14955.087000000001,
            15066.4965,
            15164.798999999999,
            15223.7805,
            15263.101499999999,
            15322.082999999999,
            15341.7435,
            15354.8505,
            15374.511,
            15394.1715,
            15413.832,
            15466.26,
            15485.920499999998,
            15492.474,
            15505.581,
            15518.688,
            15525.2415,
            15544.902
        ],
        [
            11678.337,
            12392.6685,
            12471.310500000001,
            12667.915499999997,
            12766.218,
            13139.7675,
            13591.958999999999,
            13631.28,
            13906.527,
            14299.737000000001,
            14581.5375,
            14712.6075,
            14784.696,
            14824.017000000002,
            14876.444999999998,
            14948.5335,
            14987.854500000001,
            15040.2825,
            15040.2825,
            15040.2825,
            15059.943000000001,
            15059.943000000001,
            15073.050000000001,
            15073.050000000001
        ]
    ],
    "AFL": [
        [
            12017.808299999999,
            12910.394999999999,
            13065.0576,
            13169.9136,
            13316.712,
            13673.222399999999,
            13763.005350000001,
            13875.72555,
            14036.941649999999,
            14184.3954,
            14306.94585,
            14502.240149999998,
            14673.286499999998,
            14816.80815,
            14890.862700000001,
            14947.87815,
            15028.486200000003,
            15056.0109,
            15073.05,
            15093.365850000002,
            15116.95845,
            15139.240349999998,
            15147.10455,
            15160.211549999998
        ],
        [
            12412.329000000002,
            13460.889,
            13552.637999999999,
            13650.940499999999,
            13886.8665,
            14404.592999999999,
            14470.128,
            14548.77,
            14607.751499999998,
            14692.947,
            14824.017000000002,
            14902.659,
            14994.408,
            15066.4965,
            15132.0315,
            15302.4225,
            15420.3855,
            15433.4925,
            15440.045999999998,
            15440.045999999998,
            15446.5995,
            15453.152999999998,
            15459.7065,
            15472.8135
        ],
        [
            11632.4625,
            11979.798,
            12182.9565,
            12274.7055,
            12353.3475,
            12530.292000000001,
            12602.3805,
            12759.664499999999,
            12831.752999999999,
            12969.3765,
            13100.4465,
            14024.49,
            14339.057999999999,
            14489.788499999999,
            14489.788499999999,
            14522.555999999999,
            14607.751499999998,
            14627.412,
            14640.518999999998,
            14653.626,
            14679.839999999998,
            14706.054000000002,
            14706.054000000002,
            14719.161000000002
        ]
    ],
    "AFLFast": [
        [
            12063.6828,
            13145.665649999999,
            13356.033,
            13437.951750000002,
            13645.04235,
            13970.095950000003,
            14044.80585,
            14144.41905,
            14258.44995,
            14357.4078,
            14403.282299999997,
            14460.297750000002,
            14579.57145,
            14633.310150000001,
            14674.5972,
            14728.991250000001,
            14767.001549999997,
            14852.8524,
            14911.178550000002,
            14966.22795,
            15001.61685,
            15025.8648,
            15082.880249999998,
            15120.235200000005
        ],
        [
            12759.664499999999,
            13454.335500000001,
            13716.475499999999,
            13742.6895,
            13978.6155,
            14371.825499999999,
            14411.146499999999,
            14463.5745,
            14588.091000000002,
            14712.6075,
            14765.0355,
            14843.677499999998,
            14968.194,
            15000.9615,
            15020.622000000001,
            15125.478,
            15138.585000000001,
            15204.119999999999,
            15256.548,
            15269.655,
            15335.189999999999,
            15367.957499999999,
            15407.2785,
            15426.939
        ],
        [
            11311.341,
            12150.188999999998,
            12425.436000000002,
            12497.524500000001,
            12615.487500000001,
            12700.683,
            12916.9485,
            12989.037,
            13061.1255,
            13080.786,
            13159.427999999998,
            13198.749,
            13277.391,
            13290.498000000001,
            13303.605000000001,
            13310.158499999998,
            13316.712,
            13703.3685,
            13952.401499999998,
            14201.4345,
            14286.63,
            14339.057999999999,
            14673.2865,
            14778.1425
        ]
    ],