{
    "UntouchFuzz": [
        [
            6464.3724,
            8217.43365,
            9238.468949999999,
            9709.01025,
            9842.701649999999,
            9936.4167,
            10041.272700000001,
            10157.925,
            10243.1205,
            10286.3736,
            10319.79645,
            10344.044399999999,
            10355.8407,
            10366.98165,
            10382.0547,
            10399.74915,
            10406.30265,
            10473.8037,
            10519.02285,
            10551.134999999998,
            10580.62575,
            10604.21835,
            10639.607250000001,
            10647.471450000001
        ],
        [
            7274.385,
            9083.151,
            9817.143000000002,
            9954.7665,
            10053.069000000001,
            10105.497,
            10177.5855,
            10577.349,
            10734.633,
            10734.633,
            10832.9355,
            10846.042500000001,
            10846.042500000001,
            10846.042500000001,
            10846.042500000001,
            10891.917000000001,
            10905.024,
            10950.8985,
            10950.8985,
            10957.452,
            10957.452,
            11003.3265,
            11009.880000000001,
            11022.987000000001
        ],
        [
            5786.7405,
            7746.237,
            8604.7455,
            9443.5935,
            9587.7705,
            9672.966,
            9876.1245,
            9994.0875,
            10000.641,
            10053.069000000001,
            10059.6225,
            10092.39,
            10098.943500000001,
            10098.943500000001,
            10105.497,
            10138.264500000001,
            10157.925,
            10164.4785,
            10216.906500000001,
            10223.46,
            10223.46,
            10354.53,
            10380.743999999999,
            10380.743999999999
        ]
    ],
    "AFL": [
        [
            5406.637499999999,
            7208.19465,
            8111.9223,
            8627.68275,
            8963.22195,
            9303.348600000001,
            9574.6635,
            9739.15635,
            9902.3385,
            9979.014449999999,
            10045.2048,
            10092.39,
            10115.327249999998,
            10129.089600000001,
            10151.371500000001,
            10174.30875,
            10189.3818,
            10202.4888,
            10226.0814,
            10259.50425,
            10294.237799999999,
            10311.93225,
            10326.34995,
            10336.180199999999
        ],
        [
            6153.736500000001,
            8080.4655,
            8971.7415,
            9600.877499999999,
            9849.9105,
            10098.943500000001,
            10190.6925,
            10406.958,
            10511.813999999998,
            10531.4745,
            10551.135,
            10583.902499999998,
            10597.0095,
            10610.116500000002,
            10623.223500000002,
            10662.544499999998,
            10688.7585,
            10780.507499999998,
            10793.6145,
            10793.6145,
            10793.6145,
            10793.6145,
            10793.6145,
            10793.6145
        ],
        [
            4725.0734999999995,
            6474.858000000001,
            7333.3665,
            7929.735,
            8381.9265,
            8676.833999999999,
            8991.402000000002,
            9181.4535,
            9410.826000000001,
            9613.9845,
            9745.0545,
            9843.357,
            9849.9105,
            9849.9105,
            9856.463999999998,
            9902.3385,
            9928.5525,
            9941.6595,
            9980.9805,
            9987.534,
            9994.0875,
            9994.0875,
            10007.1945,
            10013.748
        ]
    ],
    "AFLFast": [
        [
            5303.0922,
            7218.68025,
            8106.02415,
            8720.0871,
            9123.7827,
            9454.73445,
            9642.164550000001,
            9821.73045,
            9925.931099999998,
            9996.053549999999,
            10095.0114,
            10138.91985,
            10197.90135,
            10224.7707,
            10261.470300000003,
            10271.955899999997,
            10289.65035,
            10336.83555,
            10392.540299999999,
            10445.62365,
            10463.3181,
            10479.701850000001,
            10488.87675,
            10502.6391
        ],
        [
            6461.750999999999,
            8408.1405,
            8912.76,
            9568.109999999999,
            9915.445500000002,
            10085.836500000001,
            10171.032000000001,
            10321.7625,
            10374.1905,
            10446.278999999999,
            10544.581499999998,
            10557.6885,
            10570.7955,
            10610.116500000002,
            10636.3305,
            10655.991000000002,
            10655.991000000002,
            10688.7585,
            10806.7215,
            10865.702999999998,
            10865.702999999998,
            10944.345,
            10944.345,
            10970.559
        ],
        [
            4554.682500000001,
            6278.253,
            7516.864500000001,
            7916.628000000001,
            8362.266,
            8775.1365,
            8906.2065,
            9168.3465,
            9430.4865,
            9522.235499999999,
            9659.859,
            9790.929,
            9987.534,
            10020.3015,
            10046.5155,
            10059.6225,
            10066.176,
            10085.836500000001,
            10085.836500000001,
            10092.39,
            10098.943500000001,
            10112.0505,
            10131.711000000001,
            10131.711000000001
        ]
    ],
    "EcoFuzz": [
        [
            2916.3075,
            4290.57645,
            5117.62815,
            5790.6726,
            6168.154199999999,
            6523.3539,
            6846.441450000001,
            7134.1401,
            7315.672050000001,
            7546.3552500000005,
            7704.94995,
            7839.95205,
            8028.0374999999985,
            8165.005649999999,
            8304.5952,
            8417.315400000001,
            8526.758850000002,
            8619.163199999999,
            8758.752750000001,
            8841.32685,
            8941.5954,
            9003.853650000001,
            9059.558400000002,
            9100.1901
        ],
        [
            3067.0379999999996,
            4384.2915,
            5531.1539999999995,
            6638.6955,
            7248.171,
            7706.916,
            7975.6095000000005,
            8257.41,
            8395.0335,
            8696.494499999999,
            8866.8855,
            8958.6345,
            9115.9185,
            9168.3465,
            9227.328000000001,
            9266.649,
            9305.97,
            9312.523500000001,
            9358.398,
            9417.3795,
            9423.933,
            9430.4865,
            9456.700499999999,
            9502.574999999999
        ],
        [
            2719.7025000000003,
            4154.919,
            4646.431500000001,
            5098.6230000000005,
            5144.4975,
            5157.6045,
            5288.6745,
            5380.423500000001,
            5498.3865000000005,
            5891.596500000001,
            6147.183000000001,
            6396.215999999999,
            6461.750999999999,
            6468.3045,
            6514.178999999999,
            6566.607,
            6592.821000000001,
            6704.230500000001,
            6940.1565,
            7149.8685000000005,
            7294.045500000001,
            7398.901499999999,
            7562.739,
            7569.2925000000005
        ]
    ],