{
    "UntouchFuzz": [
        [
            10655.335649999999,
            12308.783700000002,
            13785.9426,
            14942.63535,
            15397.448250000005,
            15681.214799999998,
            16039.691249999998,
            16333.288049999997,
            16528.582349999997,
            16783.5135,
            17040.410699999997,
            17212.1124,
            17408.7174,
            17600.079599999997,
            17737.047749999998,
            17834.039550000005,
            17961.832799999996,
            18029.33385,
            18132.2238,
            18194.48205,
            18282.954299999998,
            18345.21255,
            18459.8988,
            18556.235249999998
        ],
        [
            10865.702999999998,
            12595.827,
            14293.1835,
            15741.507,
            16062.6285,
            16259.233499999998,
            16645.89,
            16999.779000000002,
            17170.170000000002,
            17392.988999999998,
            17753.4315,
            17851.733999999997,
            18074.553,
            18369.4605,
            18520.191000000003,
            18546.405000000002,
            18664.368,
            18684.0285,
            18729.903,
            18762.6705,
            18775.7775,
            18808.545,
            18880.633499999996,
            19293.504
        ],
        [
            10328.315999999999,
            11927.369999999999,
            13323.2655,
            13913.080500000002,
            14260.416000000001,
            14594.6445,
            14856.784500000002,
            15282.761999999999,
            15440.045999999998,
            15754.614,
            16049.521499999999,
            16475.499,
            16691.764499999997,
            16927.690499999997,
            17255.3655,
            17360.2215,
            17419.202999999998,
            17438.8635,
            17707.557,
            17746.878,
            17858.287500000002,
            17884.5015,
            17969.697,
            18009.018
        ]
    ],
    "AFL": [
        [
            9974.427,
            11636.3946,
            12799.64085,
            13747.9323,
            14819.429550000004,
            15603.228149999999,
            15967.60275,
            16144.54725,
            16373.2644,
            16570.52475,
            16700.939399999996,
            16803.174000000003,
            16925.0691,
            17065.314000000002,
            17240.9478,
            17392.33365,
            17569.278150000002,
            17634.813149999998,
            17723.2854,
            17849.76795,
            17934.963450000003,
            18005.74125,
            18119.116799999996,
            18208.89975
        ],
        [
            10164.4785,
            12097.761,
            13395.354000000001,
            14411.146499999999,
            15328.6365,
            16167.484500000002,
            16534.4805,
            16717.9785,
            16927.690499999997,
            17065.314,
            17327.454,
            17471.631,
            17563.38,
            17635.4685,
            17812.413,
            17950.036500000002,
            18199.0695,
            18336.693,
            18461.2095,
            18592.2795,
            18690.582000000002,
            18795.438,
            18860.973,
            18952.722
        ],
        [
            9830.25,
            11363.769,
            12458.203500000001,
            13238.07,
            14365.272,
            14889.552,
            15033.729000000001,
            15164.798999999999,
            15446.5995,
            15538.3485,
            15669.4185,
            15734.9535,
            15826.7025,
            15885.684,
            16049.521499999999,
            16174.037999999999,
            16495.1595,
            16541.033999999996,
            16698.318000000003,
            17045.6535,
            17150.509500000004,
            17183.277,
            17392.988999999998,
            17530.6125
        ]
    ],
    "AFLFast": [
        [
            9966.562799999998,
            11380.15275,
            12310.74975,
            13146.321000000002,
            13801.670999999998,
            14358.063150000002,
            14778.797849999999,
            15219.848400000003,
            15506.236350000003,
            15736.91955,
            15947.286899999997,
            16079.012249999996,
            16196.97525,
            16306.4187,
            16371.953700000002,
            16455.838499999998,
            16547.587499999998,
            16660.963050000002,
            16745.5032,
            16837.90755,
            16927.6905,
            17035.823250000005,
            17188.519800000002,
            17252.744100000004
        ],
        [
            10249.674,
            11678.337,
            12785.8785,
            13650.940499999999,
            14332.504500000001,
            15020.622000000001,
            15544.902,
            16003.647000000003,
            16305.108,
            16416.5175,
            16711.425,
            16881.816,
            17091.528,
            17176.7235,
            17216.0445,
            17222.598,
            17268.4725,
            17360.2215,
            17412.6495,
            17465.077499999996,
            17517.5055,
            17674.7895,
            17825.52,
            17917.269
        ],
        [
            9653.3055,
            11121.289499999999,
            12058.44,
            12857.967,
            13487.103,
            13926.1875,
            14286.63,
            14633.965499999998,
            14679.839999999998,
            14719.161000000002,
            14817.4635,
            14830.5705,
            14896.1055,
            15053.3895,
            15236.8875,
            15459.7065,
            15597.330000000002,
            15734.9535,
            15820.149,
            15866.023500000001,
            15905.3445,
            16016.754,
            16160.931,
            16206.805499999999
        ]
    ],