{
    "UntouchFuzz": [
        [
            4544.852250000001,
            4997.6991,
            5213.9646,
            5336.51505,
            5443.99245,
            5535.0860999999995,
            5607.174599999999,
            5658.2919,
            5687.1273,
            5738.899950000001,
            5762.49255,
            5784.1191,
            5797.881449999999,
            5808.367049999999,
            5822.1294,
            5831.304300000001,
            5841.789900000002,
            6576.43725,
            6587.578199999999,
            6592.16565,
            6602.651250000001,
            6630.17595,
            6640.66155,
            6659.011350000001
        ],
        [
            5157.6045,
            5275.5675,
            5452.512,
            5577.028499999999,
            5636.009999999999,
            5701.544999999999,
            5852.2755,
            5891.596500000001,
            5924.364,
            5930.9175000000005,
            5944.0245,
            6009.5595,
            6009.5595,
            6009.5595,
            6035.773500000001,
            6035.773500000001,
            6035.773500000001,
            13139.7675,
            13152.8745,
            13159.427999999998,
            13159.427999999998,
            13159.427999999998,
            13172.535000000002,
            13342.926
        ],
        [
            4135.258499999999,
            4495.701000000001,
            4626.771,
            4829.9295,
            5026.534500000001,
            5347.656,
            5406.6375,
            5413.191,
            5491.8330000000005,
            5616.3495,
            5668.7775,
            5681.8845,
            5694.991499999999,
            5714.652,
            5714.652,
            5734.3125,
            5760.526499999999,
            5760.526499999999,
            5760.526499999999,
            5760.526499999999,
            5773.633500000001,
            5806.401,
            5812.954499999999,
            5812.954499999999
        ]
    ],
    "AFL": [
        [
            4263.0517500000005,
            4683.1311,
            4924.955250000001,
            5063.234100000001,
            5135.3226,
            5239.52325,
            5286.0531,
            5380.423500000001,
            5423.02125,
            5472.1725,
            5514.77025,
            5549.5038,
            5563.9214999999995,
            5592.10155,
            5628.801149999999,
            5658.2919,
            5682.53985,
            5764.4586,
            5775.59955,
            5798.5368,
            5811.6438,
            5825.406149999999,
            5832.615000000002,
            5841.134550000001
        ],
        [
            4803.7155,
            5111.73,
            5262.4605,
            5373.869999999999,
            5413.191,
            5721.2055,
            5727.759,
            5740.866,
            5753.972999999999,
            5786.7405,
            5806.401,
            5826.061500000001,
            5832.615000000001,
            5832.615000000001,
            5858.829,
            5858.829,
            5878.4895,
            5937.471,
            5937.471,
            5963.6849999999995,
            6009.5595,
            6016.112999999999,
            6035.773500000001,
            6035.773500000001
        ],
        [
            3683.067,
            4207.347,
            4318.7565,
            4417.059,
            4521.915,
            4790.6085,
            4869.250499999999,
            4921.6785,
            5000.3205,
            5065.855500000001,
            5105.1765,
            5124.837,
            5131.3904999999995,
            5137.9439999999995,
            5157.6045,
            5170.711499999999,
            5183.8185,
            5636.009999999999,
            5636.009999999999,
            5636.009999999999,
            5649.117,
            5675.331,
            5675.331,
            5714.652
        ]
    ],
    "AFLFast": [
        [
            4162.12785,
            4607.1105,
            4884.32355,
            5078.30715,
            5253.2856,
            5340.44715,
            5396.80725,
            5456.4441,
            5489.2116,
            5515.4256000000005,
            5554.0912499999995,
            5640.59745,
            5677.9524,
            5698.923600000001,
            5713.3413,
            5727.759,
            5739.5553,
            5748.7302,
            5761.8372,
            5768.3907,
            5776.910249999999,
            5788.70655,
            5791.9833,
            5801.158200000001
        ],
        [
            4666.092,
            5157.6045,
            5367.3165,
            5609.796,
            5812.954499999999,
            5858.829,
            5885.043000000001,
            5937.471,
            5944.0245,
            5963.6849999999995,
            5963.6849999999995,
            5976.7919999999995,
            6048.8805,
            6055.433999999999,
            6068.541,
            6075.094499999999,
            6075.094499999999,
            6101.3085,
            6140.629499999999,
            6147.183000000001,
            6147.183000000001,
            6160.29,
            6166.8435,
            6166.8435
        ],
        [
            3486.4620000000004,
            3676.5135000000005,
            3840.3510000000006,
            3958.3140000000003,
            4220.454,
            4351.524,
            4469.487,
            4639.878,
            4705.4130000000005,
            4764.3945,
            4921.6785,
            4987.2135,
            5006.874,
            5033.088,
            5039.641500000001,
            5039.641500000001,
            5085.5160000000005,
            5092.0695,
            5092.0695,
            5105.1765,
            5124.837,
            5124.837,
            5131.3904999999995,
            5131.3904999999995
        ]
    ],
    "EcoFuzz": [
        [
            3052.6203000000005,
            3362.6008500000003,
            3753.1894500000003,
            3930.7892999999995,
            4157.5404,
            4272.22665,
            4449.17115,
            4618.251450000001,
            4751.287499999999,
            4829.27415,
            4916.4357,
            4955.7567,
            5075.030400000001,
            5115.0067500000005,
            5153.0170499999995,
            5210.032499999999,
            5238.867899999999,
            5248.698149999999,
            5261.805149999999,
            5300.4708,
            5326.6848,
            5367.3165,
            5390.9091,
            5405.326800000001
        ],
        [
            3702.7275,
            4076.277,
            4279.4355,
            4567.7895,
            4711.9665,
            4757.840999999999,
            4764.3945,
            5183.8185,
            5282.121,
            5360.763,
            5367.3165,
            5413.191,
            5426.298,
            5432.851499999999,
            5472.1725,
            5472.1725,
            5511.4935000000005,
            5531.1539999999995,
            5537.7074999999995,
            5583.581999999999,
            5642.563499999999,
            5852.2755,
            5891.596500000001,
            5917.8105
        ],
        [
            2529.651,
            2811.4515,
            3302.964,
            3316.071,
            3381.606,
            3591.318,
            3925.5465,
            3951.7605,
            4023.8489999999997,
            4023.8489999999997,
            4122.1515,
            4187.6865,
            4541.5755,
            4548.129,
            4620.2175,
            4816.822499999999,
            4862.697,
            4862.697,
            4869.250499999999,
            4908.571500000001,
            4908.571500000001,
            4908.571500000001,
            4908.571500000001,
            4908.571500000001
        ]
    ],