{
    "UntouchFuzz": [
        [
            3310.1728500000004,
            3363.91155,
            3399.30045,
            3419.6163,
            3438.62145,
            3453.6945,
            3458.2819499999996,
            3463.5247499999996,
            3471.3889499999996,
            3481.8745499999995,
            3490.3941,
            3497.6029500000004,
            3500.2243500000004,
            3504.15645,
            3517.9188000000004,
            3532.3365,
            3540.2007,
            3544.1328000000003,
            3553.96305,
            3555.2737500000003,
            3557.2398000000003,
            3558.5505,
            3561.1719,
            3562.4826000000003
        ],
        [
            3375.0525000000002,
            3414.3735,
            3440.5875,
            3466.8015,
            3499.569,
            3512.676,
            3512.676,
            3512.676,
            3525.783,
            3525.783,
            3538.8900000000003,
            3545.4435000000003,
            3545.4435000000003,
            3551.997,
            3558.5505,
            3571.6575,
            3578.2110000000002,
            3578.2110000000002,
            3578.2110000000002,
            3578.2110000000002,
            3584.7644999999998,
            3584.7644999999998,
            3584.7644999999998,
            3584.7644999999998
        ],
        [
            3250.536,
            3302.964,
            3335.7315,
            3375.0525000000002,
            3388.1594999999998,
            3394.7129999999997,
            3414.3735,
            3414.3735,
            3427.4805000000006,
            3453.6944999999996,
            3460.248,
            3460.248,
            3466.8015,
            3466.8015,
            3473.355,
            3473.355,
            3473.355,
            3473.355,
            3506.1225,
            3506.1225,
            3506.1225,
            3506.1225,
            3506.1225,
            3506.1225
        ]
    ],
    "AFL": [
        [
            3299.68725,
            3374.39715,
            3413.0628000000006,
            3428.7911999999997,
            3441.8981999999996,
            3455.0051999999996,
            3462.21405,
            3481.2192000000005,
            3488.42805,
            3491.7048000000004,
            3496.29225,
            3502.1903999999995,
            3515.2973999999995,
            3520.5402000000004,
            3524.4723000000004,
            3527.749050000001,
            3532.3365000000003,
            3535.613250000001,
            3542.8221000000003,
            3546.7542000000003,
            3548.72025,
            3551.9970000000003,
            3561.8272500000007,
            3564.44865
        ],
        [
            3414.3735,
            3460.248,
            3473.355,
            3493.0155,
            3506.1225,
            3525.783,
            3532.3365,
            3532.3365,
            3545.4435000000003,
            3545.4435000000003,
            3545.4435000000003,
            3551.997,
            3558.5505,
            3558.5505,
            3565.1040000000003,
            3578.2110000000002,
            3591.318,
            3591.318,
            3597.8715,
            3597.8715,
            3597.8715,
            3597.8715,
            3597.8715,
            3597.8715
        ],
        [
            3198.1079999999997,
            3309.5175,
            3375.0525000000002,
            3394.7129999999997,
            3414.3735,
            3420.9269999999997,
            3427.4805000000006,
            3427.4805000000006,
            3434.034,
            3447.141,
            3453.6944999999996,
            3453.6944999999996,
            3453.6944999999996,
            3460.248,
            3479.9084999999995,
            3479.9084999999995,
            3479.9084999999995,
            3479.9084999999995,
            3486.4620000000004,
            3499.569,
            3499.569,
            3499.569,
            3519.2295,
            3519.2295
        ]
    ],
    "AFLFast": [
        [
            3302.3086500000004,
            3349.4938500000003,
            3369.8096999999993,
            3391.4362499999997,
            3415.6842000000006,
            3439.2767999999996,
            3449.10705,
            3457.6266000000005,
            3464.1801000000005,
            3470.07825,
            3475.3210499999996,
            3487.7727,
            3496.9475999999995,
            3501.53505,
            3505.4671499999995,
            3508.0885499999995,
            3512.02065,
            3513.3313499999995,
            3515.9527500000004,
            3519.2295,
            3527.0937,
            3527.74905,
            3529.0597500000003,
            3532.3365000000003
        ],
        [
            3355.3920000000003,
            3440.5875,
            3466.8015,
            3486.4620000000004,
            3493.0155,
            3499.569,
            3506.1225,
            3532.3365,
            3545.4435000000003,
            3545.4435000000003,
            3558.5505,
            3565.1040000000003,
            3565.1040000000003,
            3565.1040000000003,
            3565.1040000000003,
            3571.6575,
            3578.2110000000002,
            3578.2110000000002,
            3578.2110000000002,
            3578.2110000000002,
            3578.2110000000002,
            3578.2110000000002,
            3578.2110000000002,
            3584.7644999999998
        ],
        [
            3257.0894999999996,
            3283.3035,
            3309.5175,
            3335.7315,
            3355.3920000000003,
            3381.606,
            3381.606,
            3388.1594999999998,
            3401.2665,
            3407.82,
            3407.82,
            3453.6944999999996,
            3453.6944999999996,
            3453.6944999999996,
            3453.6944999999996,
            3453.6944999999996,
            3453.6944999999996,
            3460.248,
            3466.8015,
            3466.8015,
            3473.355,
            3473.355,
            3473.355,
            3473.355
        ]
    ],