{
    "UntouchFuzz": [
        [
            9458.0112,
            9669.033899999999,
            9798.7932,
            9873.5031,
            9931.82925,
            9999.3303,
            10047.8262,
            10099.59885,
            10131.711000000001,
            10161.857100000001,
            10184.139,
            10201.833449999998,
            10214.2851,
            10273.92195,
            10289.65035,
            10298.82525,
            10324.3839,
            10356.496049999998,
            10374.845850000002,
            10410.8901,
            10438.414800000002,
            10450.866450000001,
            10457.419950000001,
            10469.871600000002
        ],
        [
            9574.6635,
            9810.5895,
            9980.9805,
            10020.3015,
            10046.5155,
            10072.7295,
            10105.497,
            10243.120499999999,
            10275.887999999999,
            10302.102,
            10321.7625,
            10321.7625,
            10321.7625,
            10479.0465,
            10485.6,
            10485.6,
            10492.153500000002,
            10551.135,
            10557.6885,
            10642.884,
            10649.4375,
            10655.991000000002,
            10655.991000000002,
            10662.544499999998
        ],
        [
            9319.077,
            9587.7705,
            9705.7335,
            9745.0545,
            9823.6965,
            9921.999,
            9967.873500000002,
            9987.534,
            10020.3015,
            10072.7295,
            10092.39,
            10098.943500000001,
            10125.1575,
            10157.925,
            10164.4785,
            10184.139,
            10203.799500000001,
            10230.0135,
            10249.674,
            10249.674,
            10249.674,
            10288.995,
            10295.5485,
            10302.102
        ]
    ],
    "AFL": [
        [
            9393.13155,
            9650.6841,
            9796.1718,
            9890.5422,
            9939.693449999999,
            9992.121449999999,
            10025.544300000001,
            10058.3118,
            10129.74495,
            10156.614300000001,
            10190.692500000001,
            10214.94045,
            10226.736750000002,
            10248.3633,
            10279.820099999999,
            10298.82525,
            10317.8304,
            10341.422999999999,
            10347.9765,
            10361.0835,
            10368.29235,
            10374.1905,
            10396.4724,
            10405.647299999999
        ],
        [
            9522.235499999999,
            9764.715,
            9941.6595,
            10059.6225,
            10072.7295,
            10092.39,
            10105.497,
            10190.6925,
            10439.7255,
            10479.0465,
            10551.135,
            10570.7955,
            10603.563,
            10610.116500000002,
            10642.884,
            10642.884,
            10669.098,
            10728.079500000002,
            10741.186500000002,
            10747.739999999998,
            10754.2935,
            10760.847000000002,
            10767.4005,
            10767.4005
        ],
        [
            9292.863000000001,
            9522.235499999999,
            9699.180000000002,
            9718.840499999998,
            9745.0545,
            9882.678,
            9908.892,
            9974.427,
            9980.9805,
            10020.3015,
            10072.7295,
            10079.283000000001,
            10085.836500000001,
            10105.497,
            10112.0505,
            10118.604,
            10131.711000000001,
            10164.4785,
            10171.032000000001,
            10177.5855,
            10177.5855,
            10177.5855,
            10177.5855,
            10184.139
        ]
    ],
    "AFLFast": [
        [
            9363.6408,
            9558.27975,
            9655.9269,
            9721.461899999998,
            9803.380650000001,
            9855.1533,
            9902.338500000002,
            9954.766500000002,
            10026.19965,
            10060.277849999999,
            10080.593700000001,
            10106.15235,
            10127.778900000001,
            10152.026849999998,
            10177.5855,
            10197.90135,
            10219.5279,
            10242.46515,
            10262.125649999998,
            10277.198699999997,
            10294.89315,
            10301.44665,
            10313.8983,
            10331.59275
        ],
        [
            9423.933,
            9633.644999999999,
            9738.500999999998,
            9849.9105,
            9987.534,
            10013.748,
            10046.5155,
            10072.7295,
            10157.925,
            10243.120499999999,
            10249.674,
            10256.2275,
            10256.2275,
            10302.102,
            10334.8695,
            10341.422999999999,
            10374.1905,
            10426.618499999999,
            10439.7255,
            10452.8325,
            10452.8325,
            10452.8325,
            10459.386,
            10459.386
        ],
        [
            9299.4165,
            9456.700499999999,
            9548.4495,
            9574.6635,
            9679.5195,
            9718.840499999998,
            9764.715,
            9823.6965,
            9869.571,
            9895.785,
            9915.445500000002,
            9954.7665,
            9974.427,
            9980.9805,
            9987.534,
            10072.7295,
            10092.39,
            10118.604,
            10131.711000000001,
            10131.711000000001,
            10157.925,
            10164.4785,
            10171.032000000001,
            10177.5855
        ]
    ],
    "EcoFuzz": [
        [
            8393.067449999999,
            8777.10255,
            8984.8485,
            9165.7251,
            9312.523500000001,
            9401.6511,
            9497.3322,
            9563.522549999998,
            9650.02875,
            9695.2479,
            9746.365199999998,
            9780.4434,
            9809.278800000002,
            9840.735599999998,
            9889.88685,
            9918.066900000002,
            9935.106000000002,
            9962.6307,
            10021.6122,
            10036.0299,
            10070.108100000001,
            10085.18115,
            10105.497,
            10120.57005
        ],
        [
            8552.317500000001,
            8952.081,
            9266.649,
            9351.8445,
            9489.468,
            9600.877499999999,
            9659.859,
            9712.287,
            9784.3755,
            9810.5895,
            9882.678,
            9921.999,
            9987.534,
            9994.0875,
            10243.120499999999,
            10282.441499999999,
            10295.5485,
            10302.102,
            10361.0835,
            10393.850999999999,
            10393.850999999999,
            10393.850999999999,
            10393.850999999999,
            10420.065
        ],
        [
            8113.233,
            8519.550000000001,
            8847.225,
            8899.653,
            8971.7415,
            9017.616,
            9115.9185,
            9194.5605,
            9240.435,
            9345.291000000001,
            9404.2725,
            9443.5935,
            9476.361,
            9522.235499999999,
            9541.896,
            9633.644999999999,
            9633.644999999999,
            9646.752,
            9653.3055,
            9666.4125,
            9790.929,
            9810.5895,
            9836.8035,
            9863.0175
        ]
    ],